time_utc_iso,twl_ft_mllw,tide_ft_mllw,surge_ft,src_time
2026-03-19T12:00:00.000Z,3.729,3.315,0.1,202603191200
2026-03-19T13:00:00.000Z,4.28,4.029,0.1,202603191300
2026-03-19T14:00:00.000Z,4.529,4.232,0.1,202603191400
2026-03-19T15:00:00.000Z,4.149,3.864,0.1,202603191500
2026-03-19T16:00:00.000Z,3.197,2.993,0.1,202603191600
2026-03-19T17:00:00.000Z,2.069,1.846,0.1,202603191700
2026-03-19T18:00:00.000Z,1.01,0.713,0.2,202603191800
2026-03-19T19:00:00.000Z,0.308,-0.15,0.2,202603191900
2026-03-19T20:00:00.000Z,-0.18,-0.535,0.3,202603192000
2026-03-19T21:00:00.000Z,0.341,-0.283,0.3,202603192100
2026-03-19T22:00:00.000Z,1.489,0.608,0.3,202603192200
2026-03-19T23:00:00.000Z,2.65,1.878,0.3,202603192300
2026-03-20T00:00:00.000Z,3.65,3.11,0.3,202603200000
2026-03-20T01:00:00.000Z,4.339,3.991,0.3,202603200100
2026-03-20T02:00:00.000Z,4.647,4.368,0.3,202603200200
2026-03-20T03:00:00.000Z,4.368,4.17,0.4,202603200300
2026-03-20T04:00:00.000Z,3.548,3.43,0.4,202603200400
2026-03-20T05:00:00.000Z,2.509,2.329,0.4,202603200500
2026-03-20T06:00:00.000Z,1.39,1.14,0.3,202603200600
2026-03-20T07:00:00.000Z,0.57,0.127,0.3,202603200700
2026-03-20T08:00:00.000Z,-0.049,-0.487,0.3,202603200800
2026-03-20T09:00:00.000Z,0.121,-0.521,0.3,202603200900
2026-03-20T10:00:00.000Z,1.049,0.094,0.3,202603201000
2026-03-20T11:00:00.000Z,2.128,1.206,0.3,202603201100
2026-03-20T12:00:00.000Z,3.129,2.454,0.3,202603201200
2026-03-20T13:00:00.000Z,3.929,3.479,0.3,202603201300
2026-03-20T14:00:00.000Z,4.427,4.063,0.3,202603201400
2026-03-20T15:00:00.000Z,4.447,4.093,0.3,202603201500
2026-03-20T16:00:00.000Z,3.699,3.556,0.3,202603201600
2026-03-20T17:00:00.000Z,2.748,2.58,0.4,202603201700
2026-03-20T18:00:00.000Z,1.548,1.415,0.4,202603201800
2026-03-20T19:00:00.000Z,0.678,0.34,0.4,202603201900
2026-03-20T20:00:00.000Z,0.019,-0.385,0.4,202603202000
2026-03-20T21:00:00.000Z,-0.121,-0.552,0.4,202603202100
2026-03-20T22:00:00.000Z,0.829,-0.05,0.4,202603202200
2026-03-20T23:00:00.000Z,1.981,1.031,0.4,202603202300
2026-03-21T00:00:00.000Z,3.109,2.369,0.4,202603210000
2026-03-21T01:00:00.000Z,4.027,3.567,0.4,202603210100
2026-03-21T02:00:00.000Z,4.539,4.338,0.4,202603210200
2026-03-21T03:00:00.000Z,4.749,4.545,0.4,202603210300
2026-03-21T04:00:00.000Z,4.388,4.164,0.4,202603210400
2026-03-21T05:00:00.000Z,3.509,3.287,0.3,202603210500
2026-03-21T06:00:00.000Z,2.4,2.118,0.3,202603210600
2026-03-21T07:00:00.000Z,1.21,0.923,0.3,202603210700
2026-03-21T08:00:00.000Z,0.38,-0.03,0.2,202603210800
2026-03-21T09:00:00.000Z,-0.17,-0.522,0.2,202603210900
2026-03-21T10:00:00.000Z,0.141,-0.41,0.2,202603211000
2026-03-21T11:00:00.000Z,1.151,0.306,0.2,202603211100
2026-03-21T12:00:00.000Z,2.279,1.43,0.3,202603211200
2026-03-21T13:00:00.000Z,3.217,2.614,0.3,202603211300
2026-03-21T14:00:00.000Z,3.978,3.521,0.3,202603211400
2026-03-21T15:00:00.000Z,4.398,3.946,0.3,202603211500
2026-03-21T16:00:00.000Z,4.28,3.82,0.3,202603211600
2026-03-21T17:00:00.000Z,3.548,3.182,0.4,202603211700
2026-03-21T18:00:00.000Z,2.499,2.18,0.4,202603211800
2026-03-21T19:00:00.000Z,1.38,1.058,0.4,202603211900
2026-03-21T20:00:00.000Z,0.59,0.099,0.4,202603212000
2026-03-21T21:00:00.000Z,0.059,-0.444,0.4,202603212100
2026-03-21T22:00:00.000Z,0.259,-0.399,0.5,202603212200
2026-03-21T23:00:00.000Z,1.528,0.274,0.5,202603212300
2026-03-22T00:00:00.000Z,2.66,1.441,0.5,202603220000
2026-03-22T01:00:00.000Z,3.699,2.775,0.5,202603220100
2026-03-22T02:00:00.000Z,4.408,3.887,0.5,202603220200
2026-03-22T03:00:00.000Z,4.837,4.511,0.5,202603220300
2026-03-22T04:00:00.000Z,5.067,4.559,0.6,202603220400
2026-03-22T05:00:00.000Z,4.608,4.061,0.6,202603220500
2026-03-22T06:00:00.000Z,3.768,3.124,0.5,202603220600
2026-03-22T07:00:00.000Z,2.738,1.95,0.5,202603220700
2026-03-22T08:00:00.000Z,1.479,0.811,0.5,202603220800
2026-03-22T09:00:00.000Z,0.708,-0.032,0.6,202603220900
2026-03-22T10:00:00.000Z,0.298,-0.402,0.6,202603221000
2026-03-22T11:00:00.000Z,0.708,-0.212,0.6,202603221100
2026-03-22T12:00:00.000Z,1.908,0.516,0.6,202603221200
2026-03-22T13:00:00.000Z,2.958,1.593,0.6,202603221300
2026-03-22T14:00:00.000Z,3.87,2.671,0.6,202603221400
2026-03-22T15:00:00.000Z,4.457,3.426,0.6,202603221500
2026-03-22T16:00:00.000Z,4.719,3.707,0.7,202603221600
2026-03-22T17:00:00.000Z,4.418,3.49,0.7,202603221700
2026-03-22T18:00:00.000Z,3.65,2.824,0.7,202603221800
2026-03-22T19:00:00.000Z,2.597,1.853,0.7,202603221900
2026-03-22T20:00:00.000Z,1.479,0.829,0.7,202603222000
2026-03-22T21:00:00.000Z,0.76,0.029,0.7,202603222100
2026-03-22T22:00:00.000Z,0.37,-0.336,0.6,202603222200
2026-03-22T23:00:00.000Z,0.961,-0.155,0.6,202603222300
2026-03-23T00:00:00.000Z,2.01,0.592,0.7,202603230000
2026-03-23T01:00:00.000Z,3.109,1.771,0.7,202603230100
2026-03-23T02:00:00.000Z,4.027,3.042,0.7,202603230200
2026-03-23T03:00:00.000Z,4.647,4.023,0.6,202603230300
2026-03-23T04:00:00.000Z,5.047,4.506,0.6,202603230400
2026-03-23T05:00:00.000Z,5.228,4.459,0.6,202603230500
2026-03-23T06:00:00.000Z,4.7,3.918,0.7,202603230600
2026-03-23T07:00:00.000Z,3.87,2.983,0.7,202603230700
2026-03-23T08:00:00.000Z,2.84,1.869,0.7,202603230800
2026-03-23T09:00:00.000Z,1.699,0.841,0.7,202603230900
2026-03-23T10:00:00.000Z,0.99,0.113,0.7,202603231000
2026-03-23T11:00:00.000Z,0.6,-0.192,0.7,202603231100
2026-03-23T12:00:00.000Z,1.239,0,0.8,202603231200
2026-03-23T13:00:00.000Z,2.4,0.686,0.9,202603231300
2026-03-23T14:00:00.000Z,3.289,1.673,0.9,202603231400
2026-03-23T15:00:00.000Z,4.188,2.609,0.9,202603231500
2026-03-23T16:00:00.000Z,4.7,3.223,1,202603231600
2026-03-23T17:00:00.000Z,4.949,3.42,1,202603231700
2026-03-23T18:00:00.000Z,4.549,3.181,1,202603231800
2026-03-23T19:00:00.000Z,3.719,2.538,1.1,202603231900
2026-03-23T20:00:00.000Z,2.768,1.65,1.1,202603232000
2026-03-23T21:00:00.000Z,1.669,0.768,1.1,202603232100
2026-03-23T22:00:00.000Z,1.01,0.122,1.1,202603232200
2026-03-23T23:00:00.000Z,0.61,-0.137,1.1,202603232300
2026-03-24T00:00:00.000Z,1.118,0.091,1,202603240000
2026-03-24T01:00:00.000Z,2.049,0.845,0.9,202603240100
2026-03-24T02:00:00.000Z,3.06,1.976,0.9,202603240200
2026-03-24T03:00:00.000Z,3.87,3.13,0.9,202603240300
2026-03-24T04:00:00.000Z,4.427,3.977,0.8,202603240400
2026-03-24T05:00:00.000Z,4.808,4.377,0.8,202603240500
2026-03-24T06:00:00.000Z,5.008,4.305,0.7,202603240600
2026-03-24T07:00:00.000Z,4.677,3.777,0.7,202603240700
2026-03-24T08:00:00.000Z,3.86,2.905,0.7,202603240800
2026-03-24T09:00:00.000Z,2.879,1.906,0.7,202603240900
2026-03-24T10:00:00.000Z,1.758,0.999,0.8,202603241000
2026-03-24T11:00:00.000Z,1.118,0.337,0.8,202603241100
2026-03-24T12:00:00.000Z,0.839,0.031,0.7,202603241200
2026-03-24T13:00:00.000Z,1.4,0.182,0.7,202603241300
2026-03-24T14:00:00.000Z,2.338,0.792,0.8,202603241400
2026-03-24T15:00:00.000Z,3.217,1.651,0.8,202603241500
2026-03-24T16:00:00.000Z,3.827,2.448,0.8,202603241600
2026-03-24T17:00:00.000Z,4.227,2.982,0.8,202603241700
2026-03-24T18:00:00.000Z,4.387,3.163,0.8,202603241800
2026-03-24T19:00:00.000Z,4.15,2.947,0.8,202603241900
2026-03-24T20:00:00.000Z,3.555,2.374,0.8,202603242000
2026-03-24T21:00:00.000Z,2.77,1.61,0.8,202603242100
2026-03-24T22:00:00.000Z,2.003,0.864,0.8,202603242200
2026-03-24T23:00:00.000Z,1.426,0.308,0.8,202603242300
2026-03-25T00:00:00.000Z,1.073,0.076,0.7,202603250000
2026-03-25T01:00:00.000Z,1.269,0.293,0.7,202603250100
2026-03-25T02:00:00.000Z,1.851,0.997,0.6,202603250200
2026-03-25T03:00:00.000Z,2.855,2.022,0.6,202603250300
2026-03-25T04:00:00.000Z,3.859,3.047,0.6,202603250400
2026-03-25T05:00:00.000Z,4.501,3.81,0.5,202603250500
2026-03-25T06:00:00.000Z,4.882,4.191,0.5,202603250600
2026-03-25T07:00:00.000Z,4.732,4.141,0.4,202603250700
2026-03-25T08:00:00.000Z,4.27,3.679,0.4,202603250800
2026-03-25T09:00:00.000Z,3.513,2.922,0.4,202603250900
2026-03-25T10:00:00.000Z,2.537,2.046,0.3,202603251000
2026-03-25T11:00:00.000Z,1.704,1.213,0.3,202603251100
2026-03-25T12:00:00.000Z,1.049,0.558,0.3,202603251200
2026-03-25T13:00:00.000Z,0.61,0.219,0.2,202603251300
2026-03-25T14:00:00.000Z,0.695,0.304,0.2,202603251400
2026-03-25T15:00:00.000Z,1.095,0.804,0.1,202603251500
2026-03-25T16:00:00.000Z,1.827,1.536,0.1,202603251600
2026-03-25T17:00:00.000Z,2.545,2.254,0.1,202603251700
2026-03-25T18:00:00.000Z,2.965,2.774,0,202603251800
2026-03-25T19:00:00.000Z,3.176,2.985,0,202603251900
2026-03-25T20:00:00.000Z,3.027,2.836,0,202603252000
2026-03-25T21:00:00.000Z,2.563,2.372,0,202603252100
2026-03-25T22:00:00.000Z,1.915,1.724,0,202603252200
2026-03-25T23:00:00.000Z,1.244,1.053,0,202603252300
2026-03-26T00:00:00.000Z,0.705,0.514,0,202603260000
2026-03-26T01:00:00.000Z,0.449,0.258,0,202603260100
2026-03-26T02:00:00.000Z,0.607,0.416,0,202603260200
2026-03-26T03:00:00.000Z,1.208,1.017,0,202603260300
2026-03-26T04:00:00.000Z,2.109,1.918,0,202603260400
2026-03-26T05:00:00.000Z,3.046,2.855,0,202603260500
2026-03-26T06:00:00.000Z,3.783,3.592,0,202603260600
2026-03-26T07:00:00.000Z,4.187,3.996,0,202603260700
2026-03-26T08:00:00.000Z,4.207,4.016,0,202603260800
2026-03-26T09:00:00.000Z,3.857,3.666,0,202603260900
2026-03-26T10:00:00.000Z,3.215,3.024,0,202603261000
2026-03-26T11:00:00.000Z,2.41,2.219,0,202603261100
2026-03-26T12:00:00.000Z,1.594,1.403,0,202603261200
2026-03-26T13:00:00.000Z,0.917,0.726,0,202603261300
2026-03-26T14:00:00.000Z,0.423,0.332,-0.1,202603261400
2026-03-26T15:00:00.000Z,0.419,0.328,-0.1,202603261500
2026-03-26T16:00:00.000Z,0.815,0.724,-0.1,202603261600
2026-03-26T17:00:00.000Z,1.477,1.386,-0.1,202603261700
2026-03-26T18:00:00.000Z,2.183,2.092,-0.1,202603261800
2026-03-26T19:00:00.000Z,2.737,2.646,-0.1,202603261900
2026-03-26T20:00:00.000Z,2.922,2.931,-0.2,202603262000
2026-03-26T21:00:00.000Z,2.88,2.889,-0.2,202603262100
2026-03-26T22:00:00.000Z,2.514,2.523,-0.2,202603262200
2026-03-26T23:00:00.000Z,1.919,1.928,-0.2,202603262300
2026-03-27T00:00:00.000Z,1.252,1.261,-0.2,202603270000
2026-03-27T01:00:00.000Z,0.683,0.692,-0.2,202603270100
2026-03-27T02:00:00.000Z,0.364,0.373,-0.2,202603270200
2026-03-27T03:00:00.000Z,0.42,0.429,-0.2,202603270300
2026-03-27T04:00:00.000Z,0.805,0.914,-0.3,202603270400
2026-03-27T05:00:00.000Z,1.619,1.728,-0.3,202603270500
2026-03-27T06:00:00.000Z,2.52,2.629,-0.3,202603270600
2026-03-27T07:00:00.000Z,3.269,3.378,-0.3,202603270700
2026-03-27T08:00:00.000Z,3.638,3.847,-0.4,202603270800
2026-03-27T09:00:00.000Z,3.767,3.976,-0.4,202603270900
2026-03-27T10:00:00.000Z,3.52,3.729,-0.4,202603271000
2026-03-27T11:00:00.000Z,2.936,3.145,-0.4,202603271100
2026-03-27T12:00:00.000Z,2.044,2.353,-0.5,202603271200
2026-03-27T13:00:00.000Z,1.211,1.52,-0.5,202603271300
2026-03-27T14:00:00.000Z,0.489,0.798,-0.5,202603271400
2026-03-27T15:00:00.000Z,0.021,0.33,-0.5,202603271500
2026-03-27T16:00:00.000Z,-0.059,0.25,-0.5,202603271600
2026-03-27T17:00:00.000Z,0.296,0.605,-0.5,202603271700
2026-03-27T18:00:00.000Z,0.96,1.269,-0.5,202603271800
2026-03-27T19:00:00.000Z,1.701,2.01,-0.5,202603271900
2026-03-27T20:00:00.000Z,2.332,2.641,-0.5,202603272000
2026-03-27T21:00:00.000Z,2.73,3.039,-0.5,202603272100
2026-03-27T22:00:00.000Z,2.881,3.09,-0.4,202603272200
2026-03-27T23:00:00.000Z,2.549,2.758,-0.4,202603272300
2026-03-28T00:00:00.000Z,1.939,2.148,-0.4,202603280000
2026-03-28T01:00:00.000Z,1.331,1.44,-0.3,202603280100
2026-03-28T02:00:00.000Z,0.693,0.802,-0.3,202603280200
2026-03-28T03:00:00.000Z,0.273,0.382,-0.3,202603280300
2026-03-28T04:00:00.000Z,0.223,0.332,-0.3,202603280400
2026-03-28T05:00:00.000Z,0.636,0.745,-0.3,202603280500
2026-03-28T06:00:00.000Z,1.52,1.529,-0.2,202603280600
2026-03-28T07:00:00.000Z,2.422,2.431,-0.2,202603280700
2026-03-28T08:00:00.000Z,3.221,3.23,-0.2,202603280800
2026-03-28T09:00:00.000Z,3.788,3.797,-0.2,202603280900
2026-03-28T10:00:00.000Z,4.009,4.018,-0.2,202603281000
2026-03-28T11:00:00.000Z,3.8,3.809,-0.2,202603281100
2026-03-28T12:00:00.000Z,3.21,3.219,-0.2,202603281200
2026-03-28T13:00:00.000Z,2.495,2.404,-0.1,202603281300
2026-03-28T14:00:00.000Z,1.618,1.527,-0.1,202603281400
2026-03-28T15:00:00.000Z,0.827,0.736,-0.1,202603281500
2026-03-28T16:00:00.000Z,0.298,0.207,-0.1,202603281600
2026-03-28T17:00:00.000Z,0.308,0.117,0,202603281700
2026-03-28T18:00:00.000Z,0.701,0.51,0,202603281800
